USE BookingDB;
GO

INSERT INTO train.TypeSeat(Id,[Name]) 
VALUES
('E9AA0D18-1092-4C91-9DEC-E1D645CAB7DB','Сидяче'),
('2B637ACC-7FB9-44C1-8EBC-7601261222CC','Лежаче')
GO

INSERT INTO train.TypeCar(Id,[Name]) 
VALUES
('052D4210-CDDE-4B78-87E4-0E5F44BB0599','Плацкарт'),
('E04B0824-3539-4501-83DC-5089050F733D','Купе'),
('87CF81AA-80F5-4AD3-9F66-27EF3771D7F2','Люкс')
GO

INSERT INTO schedule.[Day](Number,[DayName])
VALUES
(1,'Неділя'),
(2,'Понеділок'),
(3,'Вівторок'),
(4,'Середа'),
(5,'Четверг'),
(6,'Пятниця'),
(7,'Субота')
GO
				
INSERT INTO customer.TypeCustomer(Id,[Name]) 
VALUES
('1B5B9A6E-6A70-4F7B-BD91-E48273ABBFE5','Звичайний'),
('2069B46D-983D-492B-A14D-FE1F309083A0','Дитина'),
('D563A24E-F80F-40C1-B354-5FB3B61EB5C7','Студент'),
('8EB19068-7EE0-465F-8508-AE74CF94195F','Військовий')
GO

ALTER TABLE customer.Customer
ALTER COLUMN TypeCustomerId SET DEFAULT (SELECT Id FROM customer.TypeCustomer WHERE Name = 'Звичайний');
GO

INSERT INTO customer.Customer(Id, TypeCustomerId, FirstName, LastName, Email, BirthDay)
VALUES
('588C6EA8-6A82-49F8-8F70-9B52DD409221','2069B46D-983D-492B-A14D-FE1F309083A0', 'Міша', 'Повх', 'm@sd.com','2000-09-05'),
('26C55E83-6908-4B92-B425-80D513158F42','8EB19068-7EE0-465F-8508-AE74CF94195F', 'Діма', 'Петрушка', 'ma@sd.com','2000-10-05'),
('8C79B301-956B-4FA8-91D7-45C804C404F0','D563A24E-F80F-40C1-B354-5FB3B61EB5C7', 'Олег', 'Баклашка', 'ma1@sd.com','2001-10-05'),
('C0073808-7121-41F7-B536-E6A4AC8C1D5F','1B5B9A6E-6A70-4F7B-BD91-E48273ABBFE5', 'Марина', 'Ожина', 'ma2@sd.com','2002-10-05')
GO
 
INSERT INTO [route].Adress(Id, Town, Region, Country, Street, Apartment, PostalCode)
VALUES
('CDC84775-7DA4-48BA-8EE5-45ED4DAE2E6B','Київ', 'Київська область', 'UK', 'Вокзальна', '1', '03141'),
('E59B71CE-FDA3-411B-B16F-8D2DD60CDED7','Львів', 'Львівська область', 'UK', 'Вокзальна', '2','03142'),
('98E3D9E7-0850-4E9B-BC0B-DFD0080E5A07','Рівне', 'Рівненська область', 'UK', 'Вокзальна', '3','03143'),
('93698376-CE6A-477B-9F3D-91CC650C6945','Полтава', 'Полтавська область', 'UK', 'Вокзальна', '4','03144'),
('2B23D1F1-24F5-4482-8A3B-78E6A63EAA3D','Харків', 'Харківська область', 'UK', 'Вокзальна', '5','03145')
GO

INSERT INTO [route].Station(Id,AdressId, [Name])
VALUES
('AD647EE9-2FC5-4A58-9AAF-CA88FBAEA0D1','CDC84775-7DA4-48BA-8EE5-45ED4DAE2E6B', 'Київ-Пасажирський'),
('7CD73F2A-BED9-4B60-962F-75628F24FAF2','98E3D9E7-0850-4E9B-BC0B-DFD0080E5A07', 'Рівне'),
('2581E4E9-8DCB-49D8-AE17-8C122D2D27EA','E59B71CE-FDA3-411B-B16F-8D2DD60CDED7', 'Львів'),
('5256E638-832E-4CA7-BB87-8BCCEF5117A5','93698376-CE6A-477B-9F3D-91CC650C6945', 'Полтава'),
('22996DDC-A535-4CB1-8C8E-E9423A4C0544','2B23D1F1-24F5-4482-8A3B-78E6A63EAA3D', 'Харків')
GO

INSERT INTO [route].[Route](Id, [Name]) 
VALUES
('4BCEE41D-F395-400E-927D-077F90397593', 'Київ-Пасажирський -- Львів'),
('8EDC38D3-67C5-4E4F-A418-A0F3851F5F4E', 'Львів -- Київ-Пасажирський'),
('34B0FB38-55A8-4D61-A079-049CCF3EE741', 'Київ-Пасажирський -- Харків'),
('DA5D8A7A-CD00-42F1-A87B-1D6DA5322BFB', 'Харків -- Київ-Пасажирський')
GO

INSERT INTO [route].Railway(Id, Station1Id, Station2Id, Distance)
VALUES
(
	'87E496F1-E073-4410-B9F6-A689ADFE7F81',
	'AD647EE9-2FC5-4A58-9AAF-CA88FBAEA0D1',
	'7CD73F2A-BED9-4B60-962F-75628F24FAF2',
	327.2
),
(
	'BE84D911-6378-4784-892C-6819C86B6D20',
	'7CD73F2A-BED9-4B60-962F-75628F24FAF2',
	'AD647EE9-2FC5-4A58-9AAF-CA88FBAEA0D1',
	327.2
),
(
	'1F65490D-2920-42A6-ABC5-A5B1E9D1D091',
	'7CD73F2A-BED9-4B60-962F-75628F24FAF2',
	'2581E4E9-8DCB-49D8-AE17-8C122D2D27EA',
	210.9
),
(
	'B22ED22C-BA5A-4F55-AB04-A852495B5B09',
	'2581E4E9-8DCB-49D8-AE17-8C122D2D27EA',
	'7CD73F2A-BED9-4B60-962F-75628F24FAF2',
	210.9
)
GO

INSERT INTO [route].[RailwayToRoute](Id, RailwayId, RouteId, SequenceNumber, StopTime)
VALUES
(
	'9AEFB00C-D497-4C72-8895-AB22C9BC2385',
	'87E496F1-E073-4410-B9F6-A689ADFE7F81',
	'4BCEE41D-F395-400E-927D-077F90397593',
	1,
	5
),
(
	'CDC0C0E2-0EA1-4E0E-B20D-1ADC8CFEFF00',
	'1F65490D-2920-42A6-ABC5-A5B1E9D1D091',
	'4BCEE41D-F395-400E-927D-077F90397593',
	2,
	10
),
(
	'7117334C-8AE6-4081-9751-8D6255CC5457',
	'B22ED22C-BA5A-4F55-AB04-A852495B5B09',
	'8EDC38D3-67C5-4E4F-A418-A0F3851F5F4E',
	1,
	6
),
(
	'F33D004D-1FF9-4C00-92FC-775CBB29A914',
	'BE84D911-6378-4784-892C-6819C86B6D20',
	'8EDC38D3-67C5-4E4F-A418-A0F3851F5F4E',
	2,
	5
)
GO

INSERT INTO train.Train(Id, RouteId, [Name], AvarageSpeed)
VALUES
('D06D3691-44B7-4072-9BB3-C46E84C4BC6A', '4BCEE41D-F395-400E-927D-077F90397593', '081K', 80.0),
('112C77F8-C898-42FC-A7CC-5CB144262B04', '8EDC38D3-67C5-4E4F-A418-A0F3851F5F4E', '082K', 90.0)
GO

INSERT INTO train.Car(Id, TrainId, TypeCarId, Max_Capasity, PriceCoefficient, Number)
VALUES
('6F27A835-156B-43B4-A528-2D2CAE85F090', 'D06D3691-44B7-4072-9BB3-C46E84C4BC6A', '052D4210-CDDE-4B78-87E4-0E5F44BB0599', 30, 2.1, 1),
('095C1D86-6E46-45C6-8730-5329B3A46776', 'D06D3691-44B7-4072-9BB3-C46E84C4BC6A', '87CF81AA-80F5-4AD3-9F66-27EF3771D7F2', 30, 5.0, 2),
('F371CD46-A1C4-4085-8B59-CBAD48E3B8F6', '112C77F8-C898-42FC-A7CC-5CB144262B04', '052D4210-CDDE-4B78-87E4-0E5F44BB0599', 30, 2.3, 1),
('195C1D86-6E46-45C6-8730-5329B3A46776', '112C77F8-C898-42FC-A7CC-5CB144262B04', '87CF81AA-80F5-4AD3-9F66-27EF3771D7F2', 30, 5.0, 2)
GO

INSERT INTO train.Seat(Id, CarId, TypeSeatId, Number)
VALUES
('57DCDEDA-93C8-4E95-A539-408FBB11D70A', '6F27A835-156B-43B4-A528-2D2CAE85F090', '2B637ACC-7FB9-44C1-8EBC-7601261222CC', 1),
('6899B240-2C92-4800-990C-EB9DB3849926', '6F27A835-156B-43B4-A528-2D2CAE85F090', '2B637ACC-7FB9-44C1-8EBC-7601261222CC', 2),
('20D021E0-0357-49FD-A7C8-D0271777222C', '6F27A835-156B-43B4-A528-2D2CAE85F090', '2B637ACC-7FB9-44C1-8EBC-7601261222CC', 3),
('D5C1856F-2378-4AF7-81F0-C94539D8C34E', '6F27A835-156B-43B4-A528-2D2CAE85F090', '2B637ACC-7FB9-44C1-8EBC-7601261222CC', 4),
('8D5C1481-63BB-4554-853B-B146574EFFC3', '6F27A835-156B-43B4-A528-2D2CAE85F090', '2B637ACC-7FB9-44C1-8EBC-7601261222CC', 5),
('B8DA02CA-EFF7-483D-9D04-734B3B4CFAD7', '095C1D86-6E46-45C6-8730-5329B3A46776', '2B637ACC-7FB9-44C1-8EBC-7601261222CC', 1),
('0D793A2B-3C3F-499A-974B-31A46E74DEC6', '095C1D86-6E46-45C6-8730-5329B3A46776', '2B637ACC-7FB9-44C1-8EBC-7601261222CC', 2),
('0DA863C2-4245-4F2C-9703-5ED5B9F8C5B8', '095C1D86-6E46-45C6-8730-5329B3A46776', '2B637ACC-7FB9-44C1-8EBC-7601261222CC', 3),
('6AACB922-43BE-4901-97FC-09D20780EF42', '095C1D86-6E46-45C6-8730-5329B3A46776', '2B637ACC-7FB9-44C1-8EBC-7601261222CC', 4),
('4497992A-9379-4634-A157-1DC027FFB93A', '095C1D86-6E46-45C6-8730-5329B3A46776', '2B637ACC-7FB9-44C1-8EBC-7601261222CC', 5),
('3FE8894E-389A-4D20-92B2-581780E58042', 'F371CD46-A1C4-4085-8B59-CBAD48E3B8F6', '2B637ACC-7FB9-44C1-8EBC-7601261222CC', 1),
('4E038BCD-7555-47B2-A724-E3C34FDCBEAC', 'F371CD46-A1C4-4085-8B59-CBAD48E3B8F6', '2B637ACC-7FB9-44C1-8EBC-7601261222CC', 2),
('8A00DB33-49C2-4B1A-9EE8-4A1C1686878E', 'F371CD46-A1C4-4085-8B59-CBAD48E3B8F6', '2B637ACC-7FB9-44C1-8EBC-7601261222CC', 3),
('72A81A19-F43F-4910-A1CD-2E3BF0A57C21', 'F371CD46-A1C4-4085-8B59-CBAD48E3B8F6', '2B637ACC-7FB9-44C1-8EBC-7601261222CC', 4),
('5EFB7555-0425-44D7-A9C8-5A7130BF6AA0', 'F371CD46-A1C4-4085-8B59-CBAD48E3B8F6', '2B637ACC-7FB9-44C1-8EBC-7601261222CC', 5),
('BFAA7DED-C80F-4275-80A2-1D6100A4BB8A', '195C1D86-6E46-45C6-8730-5329B3A46776', '2B637ACC-7FB9-44C1-8EBC-7601261222CC', 1),
('025AF828-CBA1-43CB-8CCE-D1A73E6B1C56', '195C1D86-6E46-45C6-8730-5329B3A46776', '2B637ACC-7FB9-44C1-8EBC-7601261222CC', 2),
('C645D713-7BEB-491A-A660-67175CB62EDB', '195C1D86-6E46-45C6-8730-5329B3A46776', '2B637ACC-7FB9-44C1-8EBC-7601261222CC', 3),
('9E74803E-0ED7-43A4-A7FB-B71395B02CA2', '195C1D86-6E46-45C6-8730-5329B3A46776', '2B637ACC-7FB9-44C1-8EBC-7601261222CC', 4),
('C5E71F23-A474-4454-9DE5-A2A1AD5A8EF7', '195C1D86-6E46-45C6-8730-5329B3A46776', '2B637ACC-7FB9-44C1-8EBC-7601261222CC', 5)
GO

INSERT INTO schedule.RecurrenceDay(Id, TrainId, NumberDay)
VALUES
('22549DC4-1096-46A8-9028-0C26C6106683', '112C77F8-C898-42FC-A7CC-5CB144262B04',2),
('9AD0CBC7-8C39-47EC-AC27-20720701A788', '112C77F8-C898-42FC-A7CC-5CB144262B04',3),
('CF66D0D4-9519-4E93-98A6-517913624013', 'D06D3691-44B7-4072-9BB3-C46E84C4BC6A',1),
('C816B44B-C7E0-4362-AFF6-BA8C265513EA', 'D06D3691-44B7-4072-9BB3-C46E84C4BC6A',7)
GO

INSERT INTO schedule.[Time](Id, RecurrenceDayId, [Time])
VALUES
('A7FF0F1C-E7D9-4F52-9547-8249D757CEB1', '9AD0CBC7-8C39-47EC-AC27-20720701A788', '08:35:00'),
('418D405A-3F6F-4837-AEA4-22CF74972931', '9AD0CBC7-8C39-47EC-AC27-20720701A788', '09:35:00'),
('2603C74F-B4D8-4644-A266-066999BDE952', '22549DC4-1096-46A8-9028-0C26C6106683', '10:35:00'),
('C18AF050-4A7E-4376-A7DF-8F433DD32BB1', 'CF66D0D4-9519-4E93-98A6-517913624013', '11:35:00'),
('50B24023-CC33-4CA1-94D0-36330DDFC824', 'C816B44B-C7E0-4362-AFF6-BA8C265513EA', '12:35:00')
GO

DECLARE @DateFrom DATE, @DateTo DATE;
SET @DateFrom = GETDATE()
SET @DateTo = DATEADD(day, +30, GETDATE())
EXEC [schedule].[NEWTRIP] @DateFrom, @DateTo
GO




